{
    "Logistic Regression": {
        "precision": 0.504302925989673,
        "recall": 0.7834224598930482,
        "f1": 0.6136125654450262,
        "roc_auc": 0.8414890593918727,
        "pr_auc": 0.631808157188466
    },
    "XGBoost": {
        "precision": 0.5226039783001808,
        "recall": 0.7727272727272727,
        "f1": 0.6235167206040992,
        "roc_auc": 0.8413753907360045,
        "pr_auc": 0.655754760733127
    }
}